year,month,Kinneret_Level_end_of_month,tmp_air_max,rain_mm,tmp_air_min,sns_drt,rain_day,Date,Change_from_last_month
1969,2,-208.91,18.310669129720857,334.15903983874415,8.194848111658455,401.57142857142856,14,1969-02-01,-0.6099999999999852
1969,3,-208.81,20.795558557126967,1117.7422575213354,10.826564054122452,318.96774193548384,18,1969-03-01,0.09999999999999432
1969,4,-208.89,21.862055890044395,295.5711917645565,10.252892416225752,527.6,14,1969-04-01,-0.07999999999998408
1969,5,-208.95,29.06959758819437,45.05943627450981,15.877323263355523,588.9677419354839,10,1969-05-01,-0.060000000000002274
1969,6,-208.93,32.62766754850089,0.0,19.292861891195223,726.8,0,1969-06-01,0.01999999999998181
1969,7,-209.11,31.45180621529009,0.0,19.1291286383867,715.3548387096774,0,1969-07-01,-0.18000000000000682
1969,8,-209.29,32.39511919965943,0.0,19.79523928817032,665.0,0,1969-08-01,-0.1799999999999784
1969,9,-209.41,32.784783464088065,44.56818181818182,20.099924131849424,579.5,4,1969-09-01,-0.12000000000000455
1969,10,-209.5,28.06488267387044,710.6850958043576,16.9681239001595,453.2903225806452,18,1969-10-01,-0.09000000000000341
1969,11,-209.52,24.071824040157374,772.9264037044234,12.18011965811966,485.0,8,1969-11-01,-0.020000000000010232
1969,12,-209.5,19.378527199533874,958.7667101401105,9.550753482705652,346.06451612903226,18,1969-12-01,0.020000000000010232
1970,1,-209.26,16.934096493050887,2007.185143702356,8.400295505384493,281.61290322580646,23,1970-01-01,0.2400000000000091
1970,2,-209.23,18.75894851043866,635.1094694956327,7.7149917898193765,439.92857142857144,13,1970-02-01,0.030000000000001137
1970,3,-208.97,21.518723449335244,1211.6312613890223,10.374271412680756,406.83870967741933,16,1970-03-01,0.2599999999999909
1970,4,-208.9,25.901584564860435,301.80460753891253,12.39439556084027,552.0,6,1970-04-01,0.06999999999999318
1970,5,-209.0,28.569739392976327,59.14431057563588,14.042941128002306,661.9354838709677,5,1970-05-01,-0.09999999999999432
1970,6,-209.2,30.816417624521076,0.0,17.45050574712644,715.4,0,1970-06-01,-0.19999999999998863
1970,7,-209.48,31.546530977982588,0.0,19.637212638019086,690.9677419354839,0,1970-07-01,-0.28000000000000114
1970,8,-209.81,32.425833230338235,23.93076923076923,20.351704274590812,674.516129032258,2,1970-08-01,-0.3300000000000125
1970,9,-210.06,31.257934865900385,64.5448717948718,18.89455938697318,577.2,5,1970-09-01,-0.25
1970,10,-210.31,27.819613584125268,329.734552563907,14.587402850270475,519.8709677419355,8,1970-10-01,-0.25
1970,12,-210.49,16.488947217338264,1195.3350199659149,6.938485354097145,380.51612903225805,19,1970-12-01,-0.18000000000000682
1971,1,-210.48,18.85234996557021,1316.0783276833527,9.118290693362994,336.2903225806452,15,1971-01-01,0.010000000000019327
1971,2,-209.8,16.460230764719686,2463.5094666889945,7.299828465869105,322.39285714285717,24,1971-02-01,0.6799999999999784
1971,3,-209.41,20.429542966611937,567.4767406463243,8.887901754447917,440.03225806451616,18,1971-03-01,0.3900000000000148
1971,4,-208.95,21.20871510673235,1690.022117974406,10.28376102292769,460.4,16,1971-04-01,0.46000000000000796
1971,5,-208.9,29.111401557285873,4.9625,15.118043858255202,658.258064516129,2,1971-05-01,0.04999999999998295
1971,6,-209.01,30.98570114942529,44.84210526315789,17.88712643678161,688.3,3,1971-06-01,-0.10999999999998522
1971,7,-209.27,31.059793950950798,0.0,19.498156682027656,698.1290322580645,0,1971-07-01,-0.2600000000000193
1971,8,-209.48,32.56430193192645,4.6,19.848656976626323,634.6666666666666,1,1971-08-01,-0.20999999999997954
1971,9,-209.76,31.48367724867725,0.0,19.359303350970023,577.2,0,1971-09-01,-0.28000000000000114
1971,10,-209.98,27.63813947015096,145.08177602436322,14.456094993894991,530.2,9,1971-10-01,-0.21999999999999886
1971,11,-210.1,22.237324393358886,671.2214247268748,11.618399014778324,364.6,17,1971-11-01,-0.12000000000000455
1971,12,-209.9,15.16206552706553,1826.9827162629429,7.097508784425452,239.6,26,1971-12-01,0.19999999999998863
1972,1,-209.71,15.403029100529098,1111.8837480929285,6.085553859720526,350.0,19,1972-01-01,0.18999999999999773
1972,2,-209.35,15.730587484035762,1279.0366521822982,5.864828498449189,418.9655172413793,14,1972-02-01,0.36000000000001364
1972,3,-209.15,19.334982997886218,1100.237916362719,8.729239040529363,372.96774193548384,20,1972-03-01,0.19999999999998863
1972,4,-209.04,25.95428571428572,462.48422975449756,13.061175892009222,461.8,13,1972-04-01,0.11000000000001364
1972,5,-209.14,26.801190476190484,93.91430878552974,14.249476702508957,568.4516129032259,13,1972-05-01,-0.09999999999999432
1972,6,-209.37,30.148456790123458,116.49363636363636,17.78950142450142,652.4,7,1972-06-01,-0.2300000000000182
1972,7,-209.72,30.85304218362283,6.833333333333334,19.609658395368076,680.9032258064516,2,1972-07-01,-0.3499999999999943
1972,8,-210.07,32.625719143461076,0.0,20.094136568330118,666.3870967741935,0,1972-08-01,-0.3499999999999943
1972,9,-210.34,32.48692782526117,11.674999999999999,19.440435897435897,605.8,4,1972-09-01,-0.27000000000001023
1972,10,-210.6,29.687148633922835,234.66998121460765,16.996642574868382,433.93548387096774,12,1972-10-01,-0.2599999999999909
1972,11,-210.77,23.00450617283951,622.2006873942182,11.550370370370368,388.4,14,1972-11-01,-0.17000000000001592
1972,12,-210.88,16.59758064516129,939.4515574037246,5.118449131513647,368.7096774193548,13,1972-12-01,-0.10999999999998522
1973,1,-210.79,16.31947890818859,1468.3852021176701,5.586011579818032,370.83870967741933,16,1973-01-01,0.09000000000000341
1973,2,-210.69,20.023305860805863,311.2634528223566,8.02117155067155,421.07142857142856,14,1973-02-01,0.09999999999999432
1973,3,-210.34,19.606377018043684,982.435946473145,8.234501424501424,492.4,15,1973-03-01,0.3499999999999943
1973,4,-210.25,23.534571794871795,257.277125282197,10.90457435897436,552.6,13,1973-04-01,0.09000000000000341
1973,5,-210.28,28.245037220843678,126.05344932844933,14.187310173697268,648.5806451612904,6,1973-05-01,-0.030000000000001137
1973,6,-210.5,30.183023872679048,10.0,17.047214854111406,729.3103448275862,1,1973-06-01,-0.21999999999999886
1973,7,-210.84,32.92929032258065,0.0,20.03161290322581,708.7741935483871,0,1973-07-01,-0.3400000000000034
1973,8,-211.16,32.2825430107527,0.0,20.34516129032258,666.7741935483871,0,1973-08-01,-0.3199999999999932
1973,9,-211.38,32.40546376811594,9.16,19.65000724637681,596.3478260869565,1,1973-09-01,-0.21999999999999886
1973,10,-211.71,30.27274182139699,18.605820105820104,16.811592396109635,544.551724137931,5,1973-10-01,-0.3300000000000125
1973,11,-211.69,20.976538461538464,1470.540993688613,10.557179487179488,406.2,19,1973-11-01,0.020000000000010232
1973,12,-211.73,17.97167539748185,548.3066046467317,8.262719419171034,365.03225806451616,17,1973-12-01,-0.03999999999999204
1974,1,-211.0,13.47717948717949,3122.493426732251,6.085923076923078,278.8,23,1974-01-01,0.7299999999999898
1974,3,-209.95,20.234158808932996,610.6609652493529,10.04611910669975,360.96774193548384,16,1974-03-01,1.0500000000000114
1974,4,-209.55,22.68253888888889,591.8916327848526,11.064794444444441,434.4,10,1974-04-01,0.39999999999997726
1974,5,-209.59,27.392069892473117,13.791666666666666,13.364247311827954,628.258064516129,2,1974-05-01,-0.03999999999999204
1974,6,-209.75,30.210425824175825,5.0,17.487686813186816,684.2142857142857,1,1974-06-01,-0.1599999999999966
1974,10,-210.85,30.36617553533683,20.509615384615383,17.170441181876665,500.1290322580645,3,1974-10-01,-1.0999999999999943
1974,12,-210.98,16.642551236099624,2593.0351604643533,8.103175259626873,287.2258064516129,26,1974-12-01,-0.12999999999999545
1976,1,-211.35,15.61281423804227,1090.603839513094,7.07505376344086,336.5806451612903,22,1976-01-01,-0.37000000000000455
1976,2,-210.9,14.815935960591132,1320.6317062373778,6.428544816261819,336.2068965517241,22,1976-02-01,0.44999999999998863
1976,3,-210.28,19.084009393152883,896.3616702427378,8.312866147571375,395.4193548387097,18,1976-03-01,0.6200000000000045
1976,4,-209.94,22.622997293681195,511.39332142055184,11.526197743720731,499.2,14,1976-04-01,0.3400000000000034
1976,5,-209.95,27.47346257746702,106.38965290680574,14.791824249165744,582.5806451612904,13,1976-05-01,-0.009999999999990905
1976,6,-210.16,29.42860351433479,3.166666666666667,17.02360080906454,674.2758620689655,2,1976-06-01,-0.21000000000000796
1976,7,-210.52,30.414123423439325,0.0,19.12673959851379,670.8387096774194,0,1976-07-01,-0.36000000000001364
1976,8,-210.89,31.130182525982665,0.0,19.729153558456503,631.741935483871,0,1976-08-01,-0.3699999999999761
1976,9,-211.09,29.95005002035003,25.80779220779221,18.01693257359924,568.8,5,1976-09-01,-0.20000000000001705
1976,10,-211.26,28.69234567901234,557.0051595723475,16.828024691358024,452.6,19,1976-10-01,-0.1699999999999875
1976,11,-211.2,24.41135632183908,1869.0250747642053,13.167471264367814,372.0,11,1976-11-01,0.060000000000002274
1976,12,-210.99,18.369184876864374,1100.4389629696848,9.495359001040583,310.83870967741933,17,1976-12-01,0.20999999999997954
1977,1,-210.6,14.799369670003713,1523.8017683934304,6.233718946978123,299.03225806451616,23,1977-01-01,0.3900000000000148
1977,2,-210.19,19.615740207373275,673.7755463145153,8.987237183179724,420.2142857142857,12,1977-02-01,0.4099999999999966
1977,4,-209.53,22.609224653921245,1096.8415290959463,10.918373799751958,467.17241379310343,13,1977-04-01,0.6599999999999966
1977,5,-209.5,27.831175208116548,42.24639129469243,14.56958224939299,566.3225806451613,6,1977-05-01,0.030000000000001137
1977,10,-210.67,26.347987711213523,814.5587228873851,14.938271889400925,429.0967741935484,10,1977-10-01,-1.1699999999999875
1977,11,-210.77,24.0818429118774,153.901991455397,11.774406130268199,405.4,10,1977-11-01,-0.10000000000002274
1977,12,-210.28,16.16635518006486,2878.0295506738626,8.03036354326677,271.16129032258067,26,1977-12-01,0.4900000000000091
1978,1,-209.72,15.816926812348248,1808.3974560872093,7.104578563995836,353.80645161290323,25,1978-01-01,0.5600000000000023
1978,2,-209.38,18.884948979591837,654.7936208126158,8.02099395313681,410.57142857142856,16,1978-02-01,0.3400000000000034
1978,3,-209.1,20.123763440860213,1048.421340642271,9.078304659498206,395.8,17,1978-03-01,0.28000000000000114
1978,4,-209.01,23.947412186379932,168.54475908975337,10.823225806451612,529.8,9,1978-04-01,0.09000000000000341
1978,5,-209.01,29.76981951272023,13.266102797657776,14.913800399488082,695.0322580645161,2,1978-05-01,0.0
1978,6,-209.26,30.154601408972933,5.847619047619048,17.02001853911754,761.5862068965517,2,1978-06-01,-0.25
1978,7,-209.65,33.50874436351024,0.0,20.922934443288245,737.8064516129032,0,1978-07-01,-0.3900000000000148
1978,8,-209.99,30.88991935483871,0.0,19.134879032258063,713.8064516129032,0,1978-08-01,-0.3400000000000034
1978,9,-210.24,29.984727598566312,1.1153846153846154,18.13217204301075,600.6,2,1978-09-01,-0.25
1978,10,-210.18,28.639021134593992,392.7157679307601,16.439054505005565,469.16129032258067,12,1978-10-01,0.060000000000002274
1978,11,-210.18,21.04432183908046,446.6867906033327,9.98688888888889,429.6,15,1978-11-01,0.0
1978,12,-210.12,17.28148738293444,1686.8502046325445,9.51764112903226,287.80645161290323,23,1978-12-01,0.060000000000002274
1979,1,-210.08,16.600319112036075,932.1029264919654,7.750121401318071,310.258064516129,21,1979-01-01,0.03999999999999204
1979,2,-210.03,18.904506506598242,468.24552364311495,8.685493131453459,423.42857142857144,17,1979-02-01,0.05000000000001137
1979,3,-209.94,20.9143603372434,739.2487404126149,9.663462243401757,449.03225806451616,19,1979-03-01,0.09000000000000341
1979,4,-210.07,25.19699380760369,239.18152677336698,12.84283482142857,521.7857142857143,12,1979-04-01,-0.12999999999999545
1979,5,-210.3,26.858955515088454,66.79420671453836,14.426505593132157,643.5483870967741,8,1979-05-01,-0.2300000000000182
1979,6,-210.63,31.458836732171555,34.6625,18.71199826968236,750.8,4,1979-06-01,-0.3299999999999841
1979,7,-211.08,31.593652445369415,0.0,20.12831078737426,745.1612903225806,0,1979-07-01,-0.45000000000001705
1979,8,-211.44,31.85766562608394,31.135294117647057,19.85966701352757,710.7096774193549,3,1979-08-01,-0.3599999999999852
1979,9,-211.64,31.175967741935487,7.0,19.376451612903224,597.8,2,1979-09-01,-0.19999999999998863
1979,10,-211.77,28.21576829691294,824.9651095306855,16.619167533818935,528.5806451612904,16,1979-10-01,-0.13000000000002387
1979,11,-211.83,24.914696223316913,864.0241101251952,14.497393267651892,395.57142857142856,13,1979-11-01,-0.060000000000002274
1979,12,-211.39,15.867910394265236,2111.708046428987,8.223040662464467,284.0,21,1979-12-01,0.44000000000002615
1980,1,-210.79,14.064099895941725,1698.7294637417363,6.082233784252514,333.8709677419355,22,1980-01-01,0.5999999999999943
1980,2,-210.07,15.276866889136079,1891.129697403342,7.24570263255469,274.13793103448273,24,1980-02-01,0.7199999999999989
1980,3,-209.09,19.027644814429415,879.090595853365,8.674856052722859,394.4516129032258,16,1980-03-01,0.9799999999999898
1980,4,-208.95,23.577772273915954,595.6675052153266,11.671325123152709,531.8,10,1980-04-01,0.14000000000001478
1980,5,-208.98,29.29479792361883,43.12657232704403,14.632473118279568,620.516129032258,5,1980-05-01,-0.030000000000001137
1980,6,-209.19,30.849863799283153,0.0,17.612956989247312,755.8,0,1980-06-01,-0.21000000000000796
1980,7,-209.52,31.53236559139784,0.0,20.324768790719848,734.9032258064516,0,1980-07-01,-0.3300000000000125
1980,8,-209.86,31.84663515016685,0.0,20.59728666772605,700.6451612903226,0,1980-08-01,-0.3400000000000034
1980,9,-210.06,30.006609347442676,11.23931623931624,18.124241622574957,629.2,3,1980-09-01,-0.19999999999998863
1980,10,-210.27,28.306485748421235,489.7464461828753,16.121940604198667,533.0322580645161,10,1980-10-01,-0.21000000000000796
1980,11,-210.35,24.253398558657178,202.80681298689183,13.256371252204588,462.4,10,1980-11-01,-0.07999999999998408
1980,12,-210.3,17.86220279123505,1815.4938808993438,9.445508737379706,266.9032258064516,20,1980-12-01,0.04999999999998295
1981,1,-209.5,14.620384404867163,2893.519643510578,6.497838687493859,298.7586206896552,23,1981-01-01,0.8000000000000114
1981,2,-209.22,15.997713529856387,1326.5392995870286,7.66321806500378,300.42857142857144,25,1981-02-01,0.28000000000000114
1981,3,-209.0,20.921040868454657,452.99799701188886,9.995785440613027,456.2068965517241,14,1981-03-01,0.21999999999999886
1981,4,-208.91,24.110596909704046,310.2151402320475,11.747430809930808,498.64285714285717,16,1981-04-01,0.09000000000000341
1981,5,-208.95,26.57508342602892,47.37619047619047,13.373204354044175,620.1290322580645,7,1981-05-01,-0.03999999999999204
1981,6,-209.13,30.49356321839081,49.504901960784316,17.80401599464818,724.1,3,1981-06-01,-0.18000000000000682
1981,7,-209.45,31.93650087398697,130.0,20.313662005402833,698.0322580645161,1,1981-07-01,-0.3199999999999932
1981,8,-209.82,32.22148418878118,0.0,20.494215795328138,683.7096774193549,0,1981-08-01,-0.37000000000000455
1981,9,-210.06,32.06300492610838,30.8,19.326182266009848,613.1,1,1981-09-01,-0.2400000000000091
1981,10,-210.21,29.717901430749038,92.34342403628118,16.769246105313957,557.6129032258065,6,1981-10-01,-0.15000000000000568
1981,11,-210.33,20.970515542721248,1066.4360638572361,10.699740954645828,432.0,18,1981-11-01,-0.12000000000000455
1981,12,-210.35,19.21414269823614,402.5291498485795,9.509435086604162,335.03225806451616,17,1981-12-01,-0.01999999999998181
1982,1,-210.41,16.97018497919499,821.405294234203,7.213348164627365,367.64516129032256,21,1982-01-01,-0.060000000000002274
1982,2,-209.98,15.385067571089737,1593.7803902013923,6.119657029478456,309.64285714285717,24,1982-02-01,0.4300000000000068
1982,3,-209.71,18.28691657804561,1100.7720939780338,7.024826821100459,458.80645161290323,22,1982-03-01,0.2699999999999818
1982,4,-209.73,25.449135802469137,183.78650327096926,12.631234567901233,441.0,15,1982-04-01,-0.01999999999998181
1982,5,-209.87,27.164588667008026,72.52622252299672,14.386426864652668,574.4516129032259,8,1982-05-01,-0.14000000000001478
1982,6,-210.15,30.661168091168097,10.066666666666666,16.909783950617285,744.8333333333334,2,1982-06-01,-0.28000000000000114
1982,7,-210.6,31.3622578807095,0.0,19.365227828324592,712.7096774193549,0,1982-07-01,-0.44999999999998863
1982,8,-211.0,32.019712605196474,0.0,20.083789895886667,673.5483870967741,0,1982-08-01,-0.4000000000000057
1982,9,-211.35,30.96948762391291,55.78947368421053,18.51065042875387,581.3666666666667,2,1982-09-01,-0.3499999999999943
1982,10,-211.59,28.508166725747376,267.2229567788229,15.92982820644111,482.19354838709677,13,1982-10-01,-0.2400000000000091
1982,11,-211.69,19.404519704433497,1332.4885811994616,9.508445995256341,343.3,17,1982-11-01,-0.09999999999999432
1982,12,-211.68,15.376591568527054,1728.926108682481,6.672412015702338,261.2258064516129,17,1982-12-01,0.009999999999990905
1983,1,-211.24,12.40353368256594,1868.7857654672625,4.649866740189322,248.25806451612902,23,1983-01-01,0.4399999999999977
1983,2,-210.61,14.398145604395607,1882.2493021654664,5.786114926739926,247.53571428571428,22,1983-02-01,0.6299999999999955
1983,3,-209.56,17.55395161290323,1291.863870300454,7.493318670576737,341.61290322580646,18,1983-03-01,1.0500000000000114
1983,4,-209.3,22.099244620114188,237.49954302128214,10.728898299767865,447.6666666666667,16,1983-04-01,0.2599999999999909
1983,5,-209.29,26.740610421836234,172.9684455126678,14.03124317617866,539.1935483870968,7,1983-05-01,0.010000000000019327
1983,6,-209.5,29.77242222222222,85.44278033794161,16.823388888888886,677.2,4,1983-06-01,-0.21000000000000796
1983,7,-209.86,31.282322580645165,7.0,19.255960729312758,678.3870967741935,1,1983-07-01,-0.36000000000001364
1983,8,-210.25,31.584987593052116,0.0,19.498044665012408,657.483870967742,0,1983-08-01,-0.38999999999998636
1983,9,-210.5,30.308727777777786,58.097744360902254,18.305827777777782,608.8666666666667,4,1983-09-01,-0.25
1983,10,-210.7,27.049844086021512,75.88101474343134,14.554930107526886,539.9354838709677,8,1983-10-01,-0.19999999999998863
1983,11,-210.61,23.336933333333334,1309.7169451402385,12.801304347826088,398.76666666666665,15,1983-11-01,0.08999999999997499
1983,12,-210.66,18.63737593052109,654.4621512569894,8.513451199338297,355.16129032258067,17,1983-12-01,-0.04999999999998295
1984,1,-210.46,15.756682027649772,1524.3674084258616,7.20437788018433,313.93548387096774,21,1984-01-01,0.19999999999998863
1984,2,-210.23,18.532758620689652,575.6739075803833,7.1647783251231525,402.82758620689657,9,1984-02-01,0.2300000000000182
1984,3,-209.79,20.01728110599079,1235.940737359352,9.351612903225808,362.3225806451613,19,1984-03-01,0.4399999999999977
1984,4,-209.42,21.95384615384615,929.2751358550935,10.634761904761907,490.8,12,1984-04-01,0.37000000000000455
1984,5,-209.46,29.003917050691243,0.5673076923076923,14.581105990783412,644.1290322580645,2,1984-05-01,-0.040000000000020464
1984,6,-209.7,29.654999999999994,2.0,16.720238095238095,732.4,2,1984-06-01,-0.23999999999998067
1984,7,-210.04,31.21104218362283,7.166666666666667,18.938890679213262,757.741935483871,1,1984-07-01,-0.3400000000000034
1984,8,-210.45,30.97181850407657,3.333333333333333,18.8883551931939,714.0,2,1984-08-01,-0.4099999999999966
1984,9,-210.72,31.278382173382173,0.0,17.55876068376068,612.8,0,1984-09-01,-0.27000000000001023
1984,10,-210.86,28.663168498168492,298.2527718371518,15.511135531135531,528.4,7,1984-10-01,-0.14000000000001478
1984,11,-210.91,21.965,1053.5310017563736,11.947142857142856,414.8,25,1984-11-01,-0.04999999999998295
1984,12,-210.91,16.327419354838714,1267.3984506893175,6.442396313364055,398.3225806451613,18,1984-12-01,0.0
1985,1,-210.84,17.428571428571427,1057.7971442412718,8.372580645161289,273.2903225806452,21,1985-01-01,0.06999999999999318
1985,2,-209.92,14.861224489795918,2010.0929331939221,5.955612244897959,316.92857142857144,21,1985-02-01,0.9200000000000159
1985,3,-209.77,20.65299539170507,124.35141637914543,8.114055299539169,456.0,8,1985-03-01,0.14999999999997726
1985,4,-209.72,23.940201465201465,639.2857529725978,11.084780219780217,497.4,8,1985-04-01,0.05000000000001137
1985,5,-209.9,28.365207373271893,17.869505494505496,15.535944700460826,511.35483870967744,6,1985-05-01,-0.18000000000000682
1985,6,-210.25,30.407820512820514,0.0,17.258205128205127,743.2,0,1985-06-01,-0.3499999999999943
1985,7,-210.65,31.704626019142147,0.0,18.443672456575683,751.1612903225806,0,1985-07-01,-0.4000000000000057
1985,8,-211.0,33.388018433179724,0.0,21.57580645161291,650.516129032258,0,1985-08-01,-0.3499999999999943
1985,9,-211.33,31.406666666666673,1.2857142857142858,18.429761904761904,615.0,1,1985-09-01,-0.3300000000000125
1985,10,-211.56,26.284945054945048,455.0752218598224,14.219047619047618,537.8,16,1985-10-01,-0.22999999999998977
1985,11,-211.73,24.841326530612236,429.8674325357543,13.24387755102041,419.35714285714283,10,1985-11-01,-0.1699999999999875
1985,12,-211.83,17.97095238095238,1367.1394128485147,8.657857142857143,356.2,17,1985-12-01,-0.10000000000002274
1986,1,-211.66,16.360981182795697,1335.3710827591713,7.652620967741935,351.0967741935484,22,1986-01-01,0.17000000000001592
1986,2,-211.27,17.832716049382714,1163.1356862432644,7.006481481481483,410.22222222222223,16,1986-02-01,0.38999999999998636
1986,3,-211.17,21.081944444444446,337.33791453277195,9.084920634920637,484.2857142857143,15,1986-03-01,0.10000000000002274
1986,4,-211.15,26.78373015873016,204.63328574760612,13.041269841269841,529.9285714285714,8,1986-04-01,0.01999999999998181
1986,5,-211.19,24.865748207885304,525.4778696640444,12.391039426523296,639.6774193548387,10,1986-05-01,-0.03999999999999204
1986,6,-211.42,30.024356725146188,36.33419913419913,17.468635477582847,723.4,4,1986-06-01,-0.22999999999998977
1986,7,-211.77,31.324649122807013,0.0,18.71665634674923,736.8,0,1986-07-01,-0.35000000000002274
1986,8,-212.14,31.71538200339559,0.0,19.51478023014526,697.3548387096774,0,1986-08-01,-0.3699999999999761
1986,9,-212.41,32.09111111111112,27.79224318658281,19.563531746031746,614.3571428571429,4,1986-09-01,-0.27000000000001023
1986,10,-212.45,27.274000000000008,416.03030393030394,15.615333333333334,534.8,10,1986-10-01,-0.03999999999999204
1986,11,-212.16,18.886896551724135,2652.006300138284,9.874655172413796,361.86206896551727,20,1986-11-01,0.28999999999999204
1986,12,-211.73,15.72612781954887,1614.587166461117,6.667857142857144,357.64285714285717,19,1986-12-01,0.4300000000000068
1987,1,-211.01,16.511544991511037,1311.9362997567578,7.180305602716468,346.4516129032258,16,1987-01-01,0.7199999999999989
1987,2,-210.6,18.481954887218045,657.6545318057472,8.459774436090227,411.85714285714283,13,1987-02-01,0.4099999999999966
1987,3,-209.87,15.746311519163017,1166.0361720912056,6.204590583964983,317.37931034482756,23,1987-03-01,0.7299999999999898
1987,4,-209.64,21.72510893246187,174.89672840840427,9.628605664488019,608.0,11,1987-04-01,0.2300000000000182
1987,5,-209.64,27.83673835125448,37.029458261037206,12.843189964157707,681.6774193548387,5,1987-05-01,0.0
1987,6,-209.77,29.664629629629633,0.0,15.965185185185183,755.0,0,1987-06-01,-0.13000000000002387
1987,7,-210.04,31.979298245614032,0.0,19.782321981424154,741.8,0,1987-07-01,-0.2699999999999818
1987,8,-210.4,32.655983772819475,0.0,20.400581236729415,699.3103448275862,0,1987-08-01,-0.36000000000001364
1987,9,-210.6,31.36568226120858,0.0,18.52612085769981,629.6,0,1987-09-01,-0.19999999999998863
1987,10,-210.78,26.198282233096975,700.603671509522,14.804803755118344,474.38709677419354,14,1987-10-01,-0.18000000000000682
1987,11,-210.89,22.74888888888888,647.6181903145207,11.339444444444444,451.4,7,1987-11-01,-0.10999999999998522
1987,12,-210.64,16.55592363261094,2905.925980637338,9.743426212590297,232.0,24,1987-12-01,0.25
1988,1,-210.1,14.650352893728575,1414.1427789602294,7.413783020770317,290.8965517241379,24,1988-01-01,0.539999999999992
1988,2,-209.28,15.155683325961968,1768.2012370112257,7.228007518796994,255.85714285714286,23,1988-02-01,0.8199999999999932
1988,3,-209.09,17.504580896686157,976.9368066638208,8.043255360623782,409.4,20,1988-03-01,0.18999999999999773
1988,4,-208.89,23.94736984448952,127.85384042435405,11.161219574036512,486.62068965517244,7,1988-04-01,0.20000000000001705
1988,5,-208.93,29.51296296296296,5.875,15.202777777777774,683.2,2,1988-05-01,-0.040000000000020464
1988,6,-209.12,30.665315904139433,2.0,17.67993464052288,712.2,2,1988-06-01,-0.18999999999999773
1988,7,-209.46,32.77332911659287,0.0,20.954585705249844,737.4193548387096,0,1988-07-01,-0.3400000000000034
1988,8,-209.79,32.2118287037037,0.0,20.82606481481481,690.6,0,1988-08-01,-0.3299999999999841
1988,9,-209.97,31.804622860255215,26.070833333333333,18.479708916900094,629.2,3,1988-09-01,-0.18000000000000682
1988,10,-210.26,26.65686002178649,389.8856864078972,14.84373910675381,531.6,16,1988-10-01,-0.28999999999999204
1988,11,-210.4,20.22965967996394,751.9964155014062,9.601487491548347,415.6551724137931,19,1988-11-01,-0.14000000000001478
1988,12,-210.33,16.257284419144003,1870.7901880373959,8.08076112165296,268.64516129032256,21,1988-12-01,0.06999999999999318
1989,1,-210.24,12.734113430318363,910.0335376433861,3.601328273244781,324.0,22,1989-01-01,0.09000000000000341
1989,2,-210.19,16.163748832866478,618.0584800461899,4.891071428571428,448.92857142857144,14,1989-02-01,0.05000000000001137
1989,3,-210.12,19.04660552393,966.2588779870775,8.083059245203458,438.19354838709677,15,1989-03-01,0.06999999999999318
1989,4,-210.25,28.202573529411765,6.5,12.489583333333332,650.0,1,1989-04-01,-0.12999999999999545
1989,5,-210.55,29.314568838288,23.04147727272727,15.071610794855578,731.4193548387096,4,1989-05-01,-0.30000000000001137
1989,6,-210.94,29.44744308278867,0.0,16.574191721132895,780.2,0,1989-06-01,-0.38999999999998636
1989,7,-211.33,31.504838709677408,0.0,19.72016129032258,777.2903225806451,0,1989-07-01,-0.3900000000000148
1989,8,-211.73,31.819556451612907,0.0,19.646317204301074,721.3548387096774,0,1989-08-01,-0.39999999999997726
1989,9,-212.04,30.916666666666668,23.0,18.26574074074074,614.4,2,1989-09-01,-0.3100000000000023
1989,10,-212.35,26.54388888888889,653.513524436156,14.432962962962966,497.0,13,1989-10-01,-0.3100000000000023
1989,11,-212.38,22.17030651340997,1254.8988033874143,12.193678160919543,408.62068965517244,16,1989-11-01,-0.030000000000001137
1989,12,-212.25,16.76110056925996,938.0799061135715,7.282258064516129,338.1290322580645,18,1989-12-01,0.12999999999999545
1990,1,-212.05,13.735220324689015,1346.9279514034795,5.796626607632301,241.16129032258064,27,1990-01-01,0.19999999999998863
1990,2,-211.78,15.00595238095238,1605.171054340287,5.914309056956116,388.2857142857143,23,1990-02-01,0.27000000000001023
1990,3,-211.49,18.846990301496948,890.5596104461309,7.864740143369176,464.7096774193548,14,1990-03-01,0.28999999999999204
1990,4,-211.35,23.51386710239652,401.9753958336433,10.673613834422657,527.8,8,1990-04-01,0.14000000000001478
1990,5,-211.42,27.036675100147583,46.07587581500625,13.403680423782417,683.2258064516129,4,1990-05-01,-0.06999999999999318
1990,6,-211.62,30.122156862745097,0.0,16.6920697167756,762.8,0,1990-06-01,-0.20000000000001705
1990,7,-212.01,31.66140891840607,0.0,19.14102229601518,739.3548387096774,0,1990-07-01,-0.38999999999998636
1990,8,-212.38,31.740069576217586,58.705882352941174,19.36338024457095,717.8709677419355,1,1990-08-01,-0.37000000000000455
1990,9,-212.67,30.069259259259265,6.0,17.990740740740748,618.2,4,1990-09-01,-0.28999999999999204
1990,10,-212.86,29.141946025722113,184.79902557876312,16.473295646215476,546.1935483870968,6,1990-10-01,-0.19000000000002615
1990,11,-212.94,24.770813612801447,313.6811235605353,13.294905059725043,437.7931034482759,8,1990-11-01,-0.07999999999998408
1990,12,-212.93,19.973479337971746,397.883360838274,9.42467847353995,379.35483870967744,12,1990-12-01,0.009999999999990905
1991,1,-212.81,15.304933586337764,1790.3835449026526,6.790275142314989,304.4516129032258,25,1991-01-01,0.12000000000000455
1991,2,-212.59,16.687418300653594,801.8458854574441,7.054131652661064,386.57142857142856,17,1991-02-01,0.21999999999999886
1991,3,-212.24,19.858313567362426,1285.0113163767592,10.169833175205566,371.2258064516129,18,1991-03-01,0.3499999999999943
1991,4,-212.03,24.502120098039217,389.04950895921775,12.144203431372548,458.4,8,1991-04-01,0.21000000000000796
1991,5,-212.07,26.600189753320684,66.3425925925926,14.03605313092979,604.8387096774194,5,1991-05-01,-0.03999999999999204
1991,6,-212.18,29.344901960784316,0.0,16.573137254901958,751.0,0,1991-06-01,-0.11000000000001364
1991,7,-212.39,30.344580170777995,0.0,19.25996204933586,727.741935483871,0,1991-07-01,-0.20999999999997954
1991,8,-212.6,30.682412239089185,0.0,20.227122865275145,689.4193548387096,0,1991-08-01,-0.21000000000000796
1991,9,-212.78,30.00195833333333,18.101503759398497,17.792916666666667,576.2,2,1991-09-01,-0.18000000000000682
1991,10,-212.9,28.53612581699347,125.02051526158324,16.27564950980392,513.2,9,1991-10-01,-0.12000000000000455
1991,11,-212.89,22.685632183908048,1900.915206885049,12.31366069416272,422.8965517241379,15,1991-11-01,0.010000000000019327
1991,12,-212.19,14.401121916508535,3566.974618682981,7.6439444971537,265.16129032258067,26,1991-12-01,0.6999999999999886
1992,1,-211.1,11.852150537634408,2120.2727124768107,4.806325110689438,262.64516129032256,21,1992-01-01,1.0900000000000034
1992,2,-209.33,12.111967545638946,3260.0198946878154,5.214401622718054,205.6551724137931,25,1992-02-01,1.7699999999999818
1992,3,-209.1,17.25414379084967,479.35716189570235,6.947120915032679,383.2,17,1992-03-01,0.2300000000000182
1992,4,-208.9,22.666615740740742,85.62670701595307,10.220426198257082,518.2,12,1992-04-01,0.19999999999998863
1992,5,-208.91,26.200204678362574,161.32435897435897,14.094373925008602,572.4,10,1992-05-01,-0.009999999999990905
1992,6,-208.95,29.712218782249735,208.6922976053582,17.053839009287923,692.8,3,1992-06-01,-0.03999999999999204
1992,7,-209.1,30.63344651952461,0.0,18.759532607610108,728.1290322580645,0,1992-07-01,-0.15000000000000568
1992,8,-209.29,32.155215996981696,27.25,20.47325033012639,690.5806451612904,1,1992-08-01,-0.18999999999999773
1992,9,-209.51,30.63024366471734,1.25,18.351461988304095,592.4,1,1992-09-01,-0.21999999999999886
1992,10,-209.61,29.506857196755323,6.247222222222223,15.59467081682701,548.3225806451613,3,1992-10-01,-0.10000000000002274
1992,11,-209.71,22.063859649122808,1115.333242047677,12.348120055039562,398.4,18,1992-11-01,-0.09999999999999432
1992,12,-209.56,13.477589134125639,2650.207920719486,6.513242784380306,245.61290322580646,25,1992-12-01,0.15000000000000568
1993,1,-209.56,14.102376910016977,1458.295885189961,5.019185059422752,345.8709677419355,13,1993-01-01,0.0
1993,2,-209.36,13.610150375939849,1217.740670899831,4.617293233082707,333.2142857142857,18,1993-02-01,0.19999999999998863
1993,3,-209.05,18.571646859083195,735.1830374384353,7.422970138819535,457.16129032258067,20,1993-03-01,0.3100000000000023
1993,4,-208.95,24.273684210526312,132.37502903600466,10.688421052631579,583.0,8,1993-04-01,0.10000000000002274
1993,5,-208.92,25.682682512733443,268.1768666311039,13.181324278438028,531.483870967742,13,1993-05-01,0.030000000000001137
1993,6,-209.04,31.089083820662765,24.299999999999997,17.502543286320375,733.8,4,1993-06-01,-0.12000000000000455
1993,7,-209.24,31.87061955337691,0.0,19.20381808278867,743.0,0,1993-07-01,-0.20000000000001705
1993,8,-209.43,32.51850594227504,0.0,20.309601961893982,704.9032258064516,0,1993-08-01,-0.18999999999999773
1993,9,-209.64,30.957368421052625,0.0,18.056491228070175,619.8,0,1993-09-01,-0.20999999999997954
1993,10,-209.82,30.323467270326347,375.9402038509421,17.83998302207131,530.1290322580645,16,1993-10-01,-0.18000000000000682
1993,11,-209.93,21.26052631578947,470.3850002352719,11.353686503841308,402.8,14,1993-11-01,-0.11000000000001364
1993,12,-209.93,19.627268439916996,237.59253990250204,9.670448971892094,333.48387096774195,10,1993-12-01,0.0
1994,1,-209.83,16.865874363327674,1999.7248032955383,8.913535182041123,288.5806451612903,23,1994-01-01,0.09999999999999432
1994,2,-209.52,16.04793233082707,1303.0059787936657,7.3227443609022576,363.5357142857143,21,1994-02-01,0.3100000000000023
1994,3,-209.19,18.538313525749864,851.3116918507826,8.36893039049236,445.93548387096774,18,1994-03-01,0.3300000000000125
1994,4,-209.2,26.698635477582847,97.96694930026396,12.651510721247567,555.4,7,1994-04-01,-0.009999999999990905
1994,5,-209.41,28.87065148640102,37.92801932367149,14.954712207463633,678.1935483870968,6,1994-05-01,-0.21000000000000796
1994,6,-209.75,29.73739651416121,0.0,17.29608932461873,738.7,0,1994-06-01,-0.3400000000000034
1994,7,-210.15,31.156672991777352,0.0,19.98566308243728,722.7096774193549,0,1994-07-01,-0.4000000000000057
1994,8,-210.52,32.21989247311827,10.333333333333334,20.12401433691756,699.6774193548387,2,1994-08-01,-0.37000000000000455
1994,9,-210.8,32.25882352941177,221.13333333333333,20.008613445378156,623.7857142857143,3,1994-09-01,-0.28000000000000114
1994,10,-211.04,30.528083491461096,429.16068811612826,18.46432637571158,502.64516129032256,11,1994-10-01,-0.23999999999998067
1994,11,-210.98,19.375659229208924,3090.6389745430074,11.528600405679516,282.41379310344826,24,1994-11-01,0.060000000000002274
1994,12,-210.37,14.27686274509804,2010.2309632365361,6.572352941176472,330.0,17,1994-12-01,0.6099999999999852
1995,1,-209.87,15.699264705882351,627.9653418869696,7.211029411764705,346.5,13,1995-01-01,0.5
1995,2,-209.4,16.35013071895425,1789.9369785089689,6.650275443510737,367.0,14,1995-02-01,0.46999999999999886
1995,3,-209.19,18.73145780051151,367.157563907995,7.5107416879795394,462.5217391304348,12,1995-03-01,0.21000000000000796
1995,4,-209.11,23.564047181372548,48.21771561771562,10.506311274509804,565.25,7,1995-04-01,0.07999999999998408
1995,5,-209.23,27.805223123732247,53.34285714285714,14.683646044624746,725.5862068965517,4,1995-05-01,-0.11999999999997613
1995,6,-209.53,30.93133578431372,0.0,18.19857843137255,747.8,0,1995-06-01,-0.30000000000001137
1995,7,-209.91,31.21045751633987,173.7428237494156,20.353812636165575,700.8888888888889,7,1995-07-01,-0.37999999999999545
1995,8,-210.3,32.20729166666667,1.0,20.300000000000004,700.6,1,1995-08-01,-0.3900000000000148
1995,9,-210.64,30.690201149425285,2.116883116883117,18.199755747126435,608.2758620689655,2,1995-09-01,-0.339999999999975
1995,10,-210.94,26.670725806451614,53.59826472962066,14.394005376344086,522.9677419354839,7,1995-10-01,-0.30000000000001137
1995,11,-211.04,20.57018255578093,981.4388236792149,9.605349898580123,431.58620689655174,12,1995-11-01,-0.09999999999999432
1995,12,-211.08,16.9865275142315,580.1677523645413,7.150284629981026,419.80645161290323,12,1995-12-01,-0.040000000000020464
1996,1,-210.73,15.136666666666665,2155.6110252998774,7.198518518518518,309.0,22,1996-01-01,0.35000000000002274
1996,2,-210.44,17.168052738336712,519.3748042277552,7.638697318007664,300.82758620689657,20,1996-02-01,0.28999999999999204
1996,3,-209.94,17.43307217714672,1627.4584618732558,8.250824036511158,274.55172413793105,20,1996-03-01,0.5
1996,4,-209.7,22.6312962962963,332.7265689951574,10.323039215686274,507.0,12,1996-04-01,0.2400000000000091
1996,5,-209.85,29.04072580645161,10.0,15.22040770609319,684.3870967741935,1,1996-05-01,-0.15000000000000568
1996,6,-210.18,30.39692265795207,0.0,17.692293028322442,754.4,0,1996-06-01,-0.3300000000000125
1996,7,-210.54,32.083890733712835,0.0,20.71468479865064,667.5483870967741,0,1996-07-01,-0.3599999999999852
1996,8,-210.94,32.50755555555555,0.0,20.263187908496732,718.8,0,1996-08-01,-0.4000000000000057
1996,9,-211.26,31.104095860566453,59.98658410732714,18.636895424836602,617.8,2,1996-09-01,-0.3199999999999932
1996,10,-211.5,26.179686274509805,733.7792951660367,14.707065359477124,483.12,14,1996-10-01,-0.2400000000000091
1996,11,-211.62,23.45235294117647,342.19081243380623,13.348431372549017,428.0,14,1996-11-01,-0.12000000000000455
1996,12,-211.58,18.69626517273576,1354.7460972596268,9.609033613445378,312.85714285714283,20,1996-12-01,0.03999999999999204
1997,1,-211.55,17.156659451659454,1178.0735477896078,7.6506890331890345,355.0,20,1997-01-01,0.030000000000001137
1997,2,-211.04,14.831184291898577,2003.75077037418,4.662883588842235,396.64285714285717,16,1997-02-01,0.5100000000000193
1997,3,-210.55,16.877739142577852,1425.899671936343,7.36020318391286,370.06451612903226,20,1997-03-01,0.4899999999999807
1997,4,-210.35,21.81163586413587,485.6977376554162,9.959122456490876,423.2307692307692,12,1997-04-01,0.20000000000001705
1997,5,-210.42,28.637550380653817,76.74943714821764,14.631795790416477,742.1379310344828,5,1997-05-01,-0.06999999999999318
1997,6,-210.73,30.620047768323627,0.0,17.935982982534703,736.3448275862069,0,1997-06-01,-0.3100000000000023
1997,7,-211.11,32.15123899089417,0.0,20.9803776683087,729.3103448275862,0,1997-07-01,-0.3800000000000239
1997,8,-211.53,30.71234771711888,0.0,19.649445402042655,674.0869565217391,0,1997-08-01,-0.4199999999999875
1997,9,-211.81,30.021111528822054,95.68644127006307,18.25200368345105,595.0,4,1997-09-01,-0.28000000000000114
1997,10,-212.11,28.21592488797751,623.1710439574091,16.05845676058834,460.0,17,1997-10-01,-0.30000000000001137
1997,11,-212.2,23.087229111740392,1064.9910572502463,13.058042142694395,396.85714285714283,18,1997-11-01,-0.08999999999997499
1997,12,-212.13,18.013852813852814,1392.2685921675834,9.780942970073404,266.3478260869565,16,1997-12-01,0.06999999999999318
1998,1,-211.8,14.986599963859495,1636.381873882035,7.279272632993142,227.17241379310346,23,1998-01-01,0.3299999999999841
1998,2,-211.47,16.434017316017318,811.9802921479345,7.339229437229435,327.12,12,1998-02-01,0.3300000000000125
1998,3,-210.96,17.69819882498454,1547.674392530854,8.171536796536795,312.42857142857144,16,1998-03-01,0.5099999999999909
1998,4,-210.57,26.864610389610394,8.988636363636363,14.04795918367347,517.7142857142857,4,1998-04-01,0.3900000000000148
1998,5,-210.63,28.44393939393939,194.43884715901822,15.705757575757579,555.8,13,1998-05-01,-0.060000000000002274
1998,6,-210.91,29.86214826839826,0.0,17.764267676767677,752.5,0,1998-06-01,-0.28000000000000114
1998,7,-211.21,32.401521739130445,0.0,19.81065217391305,766.2,0,1998-07-01,-0.30000000000001137
1998,8,-211.73,34.032611255411254,0.0,21.55901731601731,719.04,0,1998-08-01,-0.5199999999999818
1998,9,-212.06,32.37980295566503,123.7964133906031,20.31182266009852,625.2413793103449,8,1998-09-01,-0.3300000000000125
1998,10,-212.33,29.591789819376018,53.87961411348508,16.704482758620692,588.6206896551724,5,1998-10-01,-0.27000000000001023
1998,11,-212.53,25.615932282003705,271.58177786854935,13.904406307977737,472.2857142857143,13,1998-11-01,-0.19999999999998863
1998,12,-212.53,20.97483630952381,691.803267786763,11.67546130952381,280.125,10,1998-12-01,0.0
1999,1,-212.33,17.856870114185334,1381.547414086738,7.93611728151076,356.0,19,1999-01-01,0.19999999999998863
1999,2,-212.17,18.101080246913575,467.6304434987291,7.919853294853294,369.3333333333333,13,1999-02-01,0.160000000000025
1999,3,-212.03,22.019178194993412,369.54642655468245,10.168898809523808,495.9,10,1999-03-01,0.13999999999998636
1999,4,-211.87,24.42992149758454,162.84478557504872,11.946218297101447,566.0,5,1999-04-01,0.1599999999999966
1999,5,-212.0,29.57834832583708,0.0,16.084945027486256,726.8275862068965,0,1999-05-01,-0.12999999999999545
1999,6,-212.2,30.580048309178736,16.883333333333333,18.963737922705317,724.8,5,1999-06-01,-0.19999999999998863
1999,7,-212.46,32.452595398428734,0.0,21.58131130142,735.5555555555555,0,1999-07-01,-0.2600000000000193
1999,8,-212.73,33.06508613447745,0.0,21.7766611544655,707.1111111111111,0,1999-08-01,-0.2699999999999818
1999,9,-212.95,32.06701923076923,12.2,20.357637959866224,632.2,3,1999-09-01,-0.21999999999999886
1999,10,-213.1,28.454097435897438,135.97895392278951,17.080064102564105,533.4,9,1999-10-01,-0.15000000000000568
1999,11,-213.22,24.832504615384615,205.98809012632995,12.956738461538464,485.04,11,1999-11-01,-0.12000000000000455
1999,12,-213.23,20.525384615384613,699.5658710303607,9.88923076923077,378.96,7,1999-12-01,-0.009999999999990905
2000,1,-212.57,14.488905555555556,3579.3621347495955,6.977583333333334,274.4,23,2000-01-01,0.6599999999999966
2000,2,-212.18,16.48146794871795,800.2935523025035,6.997102564102564,394.38461538461536,15,2000-02-01,0.38999999999998636
2000,3,-211.94,17.85409795102449,608.5518883947218,7.733679410294854,452.6896551724138,12,2000-03-01,0.2400000000000091
2000,4,-211.92,24.817333333333334,108.78789682539683,13.079444444444446,484.22222222222223,8,2000-04-01,0.020000000000010232
2000,5,-212.15,26.87608333333333,6.25,14.486946428571427,714.6428571428571,1,2000-05-01,-0.2300000000000182
2000,6,-212.52,30.753656921539243,1.0,19.08615717141429,765.5172413793103,1,2000-06-01,-0.37000000000000455
2000,7,-212.92,33.70832,0.0,22.18969826086957,766.56,0,2000-07-01,-0.39999999999997726
2000,8,-213.31,32.037716049382716,0.0,22.133165861513696,665.1111111111111,0,2000-08-01,-0.3900000000000148
2000,9,-213.56,30.85350617283951,49.378397212543554,20.3769307568438,612.0,5,2000-09-01,-0.25
2000,10,-213.71,26.633433333333336,914.4682615037943,16.635139999999996,449.52,14,2000-10-01,-0.15000000000000568
2000,11,-213.8,21.4685,630.5641414141414,11.865499999999999,372.75,3,2000-11-01,-0.09000000000000341
2000,12,-213.65,17.95837037037037,1163.663332359029,9.919555555555553,302.0,16,2000-12-01,0.15000000000000568
2001,1,-213.51,17.551544370776487,1002.4593293387948,7.954904543329507,362.9032258064516,18,2001-01-01,0.14000000000001478
2001,2,-213.22,17.739305555555557,1002.4479135338632,7.934865640096619,352.5,14,2001-02-01,0.28999999999999204
2001,3,-213.07,24.081774913733607,267.5544911929236,11.783205778775,533.8,11,2001-03-01,0.15000000000000568
2001,4,-213.13,25.671565476190473,57.570408209099895,13.31041019668737,523.5,11,2001-04-01,-0.060000000000002274
2001,5,-213.34,28.351862068965517,253.44855095973384,16.110344827586207,634.1379310344828,11,2001-05-01,-0.21000000000000796
2001,6,-213.64,30.901111111111113,0.0,19.11180555555556,788.6666666666666,0,2001-06-01,-0.29999999999998295
2001,7,-213.84,31.709684210526323,0.0,20.62259649122807,750.3157894736842,0,2001-07-01,-0.20000000000001705
2001,8,-214.24,32.65726207729468,0.0,22.390027475845404,686.75,0,2001-08-01,-0.4000000000000057
2001,9,-214.61,30.66790282131661,0.7142857142857143,20.35350124937531,615.3103448275862,1,2001-09-01,-0.37000000000000455
2001,10,-214.77,27.899861111111115,432.4365488356203,17.301388888888887,523.4,12,2001-10-01,-0.1599999999999966
2001,11,-214.87,22.42864734299516,1452.28363707778,12.656781400966187,409.2,17,2001-11-01,-0.09999999999999432
2001,12,-214.68,17.298478304787,2317.677095504052,9.429785880544577,245.6,20,2001-12-01,0.18999999999999773
2002,1,-214.26,15.210413793103449,2011.5551110569572,6.999832650108513,305.17241379310343,16,2002-01-01,0.4200000000000159
2002,2,-213.98,20.070975384615384,761.3679638921027,9.420595897435895,447.12,11,2002-02-01,0.28000000000000114
2002,3,-213.75,22.674514792899405,620.4580822711685,11.484899408284024,435.6923076923077,13,2002-03-01,0.22999999999998977
2002,4,-213.19,22.72292857142857,640.0753482424835,12.590434065934065,456.2142857142857,15,2002-04-01,0.5600000000000023
2002,5,-213.21,26.588605128205128,55.933934224979,15.061071794871793,686.2,5,2002-05-01,-0.020000000000010232
2002,6,-213.43,31.425384615384612,0.0,19.514141608391608,756.2727272727273,0,2002-06-01,-0.21999999999999886
2002,7,-213.71,33.1709549071618,0.0,22.559681697612735,736.551724137931,0,2002-07-01,-0.28000000000000114
2002,8,-214.03,32.7479020979021,0.0,22.2541958041958,705.0,0,2002-08-01,-0.3199999999999932
2002,9,-214.24,32.16862051282051,33.0,20.552149572649576,627.2,5,2002-09-01,-0.21000000000000796
2002,10,-214.32,29.229290322580642,202.31030483500658,18.332903225806454,486.0,9,2002-10-01,-0.07999999999998408
2002,11,-214.41,25.356888888888893,233.54652913370427,14.006518518518517,454.22222222222223,7,2002-11-01,-0.09000000000000341
2002,12,-214.08,17.31940740740741,2371.168987130043,9.686518518518518,294.0,20,2002-12-01,0.3299999999999841
2003,1,-213.7,17.98499817551541,1637.509138245475,9.542661010764458,289.86206896551727,19,2003-01-01,0.3800000000000239
2003,2,-211.83,15.228565917107586,2504.6181669838447,7.934187610229277,238.25,23,2003-02-01,1.8699999999999761
2003,3,-210.33,17.38376733611216,1886.3486061948756,8.765403561955285,292.13793103448273,23,2003-03-01,1.5
2003,4,-209.78,23.563609467455624,325.4528206825537,12.97540828402367,440.0769230769231,10,2003-04-01,0.5500000000000114
2003,5,-209.72,31.573200992555826,37.84630963700731,18.632878411910664,690.1935483870968,6,2003-05-01,0.060000000000002274
2003,6,-209.85,30.718953846153845,1.0,19.439243076923077,736.56,1,2003-06-01,-0.12999999999999545
2003,7,-210.1,32.410620689655175,0.0,22.009283819628646,721.8620689655172,0,2003-07-01,-0.25
2003,8,-210.4,32.9449973474801,0.0,22.695973474801054,710.6896551724138,0,2003-08-01,-0.30000000000001137
2003,9,-210.7,30.75102564102565,7.966666666666667,20.096543589743586,620.8,3,2003-09-01,-0.29999999999998295
2003,10,-210.9,28.851978081058725,204.405303030303,17.772625310173698,501.2903225806452,5,2003-10-01,-0.20000000000001705
2003,11,-211.06,23.901897435897435,628.2776916199799,14.267487179487178,424.4,12,2003-11-01,-0.1599999999999966
2003,12,-211.03,17.604807692307695,1557.7472790774732,10.067948717948719,277.25,15,2003-12-01,0.030000000000001137
2004,1,-209.98,15.284963768115938,3386.5789648112764,8.21385577372604,195.29032258064515,25,2004-01-01,1.0500000000000114
2004,2,-209.14,16.966291854072963,1303.5991186597566,8.36591704147926,301.86206896551727,19,2004-02-01,0.8400000000000034
2004,3,-208.89,22.1380376344086,208.7094757094757,10.798118279569893,483.0967741935484,8,2004-03-01,0.25
2004,4,-208.91,25.589374999999997,96.08500773651635,13.634166666666664,538.8,8,2004-04-01,-0.020000000000010232
2004,5,-209.05,27.48548309178744,17.09003267973856,15.882856280193234,620.0,5,2004-05-01,-0.14000000000001478
2004,6,-209.31,29.85595238095238,0.0,18.976313405797104,754.5,0,2004-06-01,-0.2599999999999909
2004,7,-209.705,32.96436,0.0,21.969279999999998,745.2,0,2004-07-01,-0.39500000000001023
2004,8,-210.07,31.876813895781638,0.0,21.637210918114143,684.1935483870968,0,2004-08-01,-0.3649999999999807
2004,9,-210.34,31.060489510489507,0.0,19.56328671328671,651.2727272727273,0,2004-09-01,-0.27000000000001023
2004,10,-210.68,29.526791178643023,93.9789361711199,18.024142661179702,501.3333333333333,6,2004-10-01,-0.3400000000000034
2004,11,-210.8,23.121980056980057,1242.2347713565396,13.80857075023742,381.2,15,2004-11-01,-0.12000000000000455
2004,12,-210.84,16.621604938271606,651.1052502420885,7.645849952516619,329.0,14,2004-12-01,-0.03999999999999204
2005,1,-210.57,16.155550960389668,1980.1674009996948,8.107127102288393,248.09677419354838,20,2005-01-01,0.27000000000001023
2005,2,-209.78,15.900264550264552,1574.8499181564762,8.055570818070816,307.2857142857143,21,2005-02-01,0.789999999999992
2005,3,-209.63,19.48076244742911,227.94423126364853,9.682363315696648,425.42857142857144,11,2005-03-01,0.15000000000000568
2005,4,-209.7,25.04834371184371,86.89353115936201,13.303312372812375,468.64285714285717,8,2005-04-01,-0.06999999999999318
2005,5,-209.94,27.207970643454516,137.41734143049933,15.292566990954086,700.258064516129,5,2005-05-01,-0.2400000000000091
2005,6,-210.24,29.91280788177339,1.8,18.71894727239555,745.2413793103449,1,2005-06-01,-0.30000000000001137
2005,7,-210.65,32.61136580327347,3.257142857142857,21.599976163991734,749.8064516129032,2,2005-07-01,-0.4099999999999966
2005,8,-211.075,32.847586206896544,8.6,22.265915435139572,697.0,1,2005-08-01,-0.42499999999998295
2005,9,-211.39,31.286050156739815,78.5774945438673,20.17215629198388,600.2727272727273,5,2005-09-01,-0.3149999999999977
2005,10,-211.61,27.716551724137933,213.53124823749823,16.39582512315271,518.6,6,2005-10-01,-0.22000000000002728
2005,11,-211.71,22.20903686087991,779.0047866628358,12.452586206896552,421.0344827586207,14,2005-11-01,-0.09999999999999432
2005,12,-211.64,19.54101779755284,1605.0494824618595,10.530514063244878,299.80645161290323,12,2005-12-01,0.0700000000000216
2006,1,-211.41,15.61359844271413,1704.6564776867176,8.09852363884622,254.70967741935485,25,2006-01-01,0.22999999999998977
2006,2,-211.32,16.894670846394984,739.6532277491511,8.385523958799821,304.3636363636364,14,2006-02-01,0.09000000000000341
2006,3,-210.87,20.8769322235434,222.9159207650587,9.814778325123154,397.2413793103448,11,2006-03-01,0.44999999999998863
2006,4,-210.69,23.50788998357964,1162.922508881267,12.704363711001642,381.2,15,2006-04-01,0.18000000000000682
2006,5,-210.74,27.644955300127716,1.5526315789473684,15.549425287356323,704.4444444444445,1,2006-05-01,-0.05000000000001137
2006,6,-210.96,31.2736074270557,0.0,19.418302387267907,768.4615384615385,0,2006-06-01,-0.21999999999999886
2006,7,-211.275,31.449293012224054,0.0,21.451987635608326,691.8461538461538,0,2006-07-01,-0.3149999999999977
2006,8,-211.58,33.04630876888942,101.14285714285714,21.996566754631267,702.9677419354839,2,2006-08-01,-0.3050000000000068
2006,9,-211.89,32.05505942205942,35.6637443438914,20.478995522995522,607.8,3,2006-09-01,-0.30999999999997385
2006,10,-212.03,27.497798604971017,1204.4876750749092,17.114098353753523,467.58620689655174,17,2006-10-01,-0.14000000000001478
2006,11,-212.11,21.62774114774115,524.7655315729047,11.33046431963099,445.0,8,2006-11-01,-0.0800000000000125
2006,12,-212.18,17.072465437788015,655.804551227431,6.83283410138249,411.8709677419355,11,2006-12-01,-0.06999999999999318
2007,1,-212.02,15.934866024973985,1364.1816869312902,7.02782691640652,380.7096774193548,12,2007-01-01,0.1599999999999966
2007,2,-211.535,17.027606566820275,1200.6698992331799,8.566412250384024,293.7142857142857,15,2007-02-01,0.48500000000001364
2007,3,-211.195,19.116851636498467,629.1990502617055,9.432010419826744,390.0,16,2007-03-01,0.3400000000000034
2007,4,-211.06,22.861655011655014,286.941643608628,12.191276952214452,436.61538461538464,13,2007-04-01,0.1349999999999909
2007,5,-211.16,29.029814271749757,277.4428444035226,17.281427174975562,524.7096774193549,10,2007-05-01,-0.09999999999999432
2007,6,-211.38,30.980558712121216,6.666666666666667,19.32616161616162,724.6,1,2007-06-01,-0.21999999999999886
2007,7,-211.74,32.6583036244801,0.0,21.697091503267977,730.8,0,2007-07-01,-0.36000000000001364
2007,8,-212.06,32.20758983019044,0.0,22.34251805985552,654.9473684210526,0,2007-08-01,-0.3199999999999932
2007,9,-212.35,30.872987490450722,15.599033235320325,20.85288905334861,611.3571428571429,4,2007-09-01,-0.28999999999999204
2007,10,-212.545,29.429547302792088,42.18531468531468,18.5100894551369,534.0,4,2007-10-01,-0.19499999999999318
2007,11,-212.64,25.1608024691358,100.16815237972959,14.648148148148145,427.0,7,2007-11-01,-0.09499999999999886
2007,12,-212.59,17.67063063063063,1119.6757057431498,9.120990990990991,288.6,20,2007-12-01,0.04999999999998295
2008,1,-212.53,14.171097458803345,511.580362230352,5.137920296767357,388.56,13,2008-01-01,0.060000000000002274
2008,2,-212.16,17.31800048917696,771.2796785263608,7.671912172353349,394.61538461538464,16,2008-02-01,0.37000000000000455
2008,3,-212.06,21.945893795581302,159.23965043843202,11.596443318318316,390.0,8,2008-03-01,0.09999999999999432
2008,4,-212.17,27.74354066985646,7.190000642632222,14.770215311004785,565.0909090909091,6,2008-04-01,-0.10999999999998522
2008,5,-212.48,27.055217273954113,66.94412564180007,14.831344129554656,714.72,6,2008-05-01,-0.3100000000000023
2008,6,-212.53,31.269230769230774,0.0,17.66923076923077,804.0,0,2008-06-01,-0.05000000000001137
2015,1,-212.82,14.899324324324324,665.0833333333333,9.438513513513511,0.0,4,2015-01-01,-0.28999999999999204
2015,5,-211.855,29.435268312497914,73.29375006532732,16.883928536831764,650.3225806451613,7,2015-05-01,0.9650000000000034
2015,6,-212.095,29.753415915915916,17.90187232122716,19.069329329329328,674.2,4,2015-06-01,-0.2400000000000091
2015,7,-212.35,33.05878128128128,0.0,21.433003003003005,746.4,0,2015-07-01,-0.25499999999999545
2015,8,-212.64,35.11318772082778,0.0,23.702567338136095,694.258064516129,0,2015-08-01,-0.28999999999999204
2015,9,-212.745,34.368610715979145,45.7625,22.752923976608187,612.0,1,2015-09-01,-0.10500000000001819
2015,10,-212.935,29.401263157894746,460.0760734204221,18.630244665718347,444.0,11,2015-10-01,-0.18999999999999773
2015,11,-213.02,24.209964012595588,416.57609154283284,14.120546558704453,376.61538461538464,9,2015-11-01,-0.08500000000000796
2015,12,-213.035,18.665473495566875,749.3976426790916,8.418251273344653,377.80645161290323,15,2015-12-01,-0.014999999999986358
2016,1,-212.82,15.960593488225069,917.5077883078877,7.456990449095713,267.2142857142857,16,2016-01-01,0.2150000000000034
2016,2,-212.585,20.388544891640862,464.08192118226606,8.923374613003098,441.52941176470586,7,2016-02-01,0.23499999999998522
2016,3,-212.43,22.73316974869607,362.62481460817355,11.653603603603607,471.2,14,2016-03-01,0.15500000000000114
2016,4,-212.365,28.450545282124224,202.08368811433397,14.451242294926509,605.0,5,2016-04-01,0.06499999999999773
2016,5,-212.5,29.076251548662412,115.07700053407231,16.91561969439729,658.4516129032259,8,2016-05-01,-0.1349999999999909
2016,6,-212.755,33.69421052631579,0.2857142857142857,20.454210526315794,753.8,1,2016-06-01,-0.25499999999999545
2016,7,-213.06,33.48479972887866,0.0,22.663201663201658,745.1538461538462,0,2016-07-01,-0.3050000000000068
2016,8,-213.31,33.685157894736854,0.0,23.693473684210527,632.64,0,2016-08-01,-0.25
2016,9,-213.555,32.03002438528755,23.029038112522684,20.84765037593985,605.3571428571429,2,2016-09-01,-0.24500000000000455
2016,10,-213.59,33.97635846372688,0.0,19.342105263157894,585.6,0,2016-10-01,-0.03499999999999659
2016,11,-213.835,24.443327669775034,181.8762395752264,13.768594120436225,418.4,6,2016-11-01,-0.24500000000000455
2016,12,-213.77,18.82105263157895,889.126050420168,9.05592105263158,87.0,2,2016-12-01,0.06499999999999773
2017,1,-213.385,16.373155862629545,507.95929833383303,7.0481507823613105,354.0,12,2017-01-01,0.3850000000000193
2017,2,-213.165,17.65248609853873,395.0758791469359,6.5827751196172235,395.72727272727275,7,2017-02-01,0.21999999999999886
2017,3,-212.99,21.13991228070175,297.25634454923414,10.655701754385966,411.6666666666667,11,2017-03-01,0.17499999999998295
2017,4,-212.96,26.127687461897985,139.6421027355688,13.098966165413533,503.14285714285717,7,2017-04-01,0.030000000000001137
2017,6,-213.335,31.597847321005204,0.6,19.513186344238974,763.6,1,2017-06-01,-0.375
2017,7,-213.59,34.83034223163255,0.0,23.15526494236171,725.0322580645161,0,2017-07-01,-0.25499999999999545
2017,8,-213.875,33.36623123123123,0.0,21.84243243243243,687.6,0,2017-08-01,-0.2849999999999966
2017,9,-214.11,32.35984716859717,6.472222222222222,21.109284105534105,612.8571428571429,2,2017-09-01,-0.23500000000001364
2017,10,-214.26,28.40574717574718,220.36353195033493,16.505585585585585,500.0,5,2017-10-01,-0.14999999999997726
2017,11,-214.34,23.668312757201647,408.6178906029919,13.310510510510513,370.0,13,2017-11-01,-0.0800000000000125
2017,12,-214.38,20.945505850678266,480.10541183467143,10.779403541472503,297.7241379310345,10,2017-12-01,-0.03999999999999204
2018,1,-213.94,16.225986331158744,3073.71383005122,8.48462255358807,255.31034482758622,22,2018-01-01,0.4399999999999977
2018,2,-213.57,20.538360099229664,606.4597200164686,10.016617704661183,364.95652173913044,9,2018-02-01,0.37000000000000455
2018,3,-213.435,24.02558063558063,24.646095979056376,11.643560334736804,505.84615384615387,6,2018-03-01,0.1349999999999909
2018,4,-213.355,26.02337484543367,394.47864988598695,14.096948419007242,572.4705882352941,6,2018-04-01,0.0800000000000125
2018,5,-213.45,30.392661583151778,353.8804660539818,19.216230158730163,539.6666666666666,9,2018-05-01,-0.09499999999999886
2018,6,-213.67,31.36966402116402,164.60425432445066,20.159444444444443,703.4,6,2018-06-01,-0.21999999999999886
2018,7,-213.94,33.05686002886003,0.0,22.37413564213564,721.4,0,2018-07-01,-0.27000000000001023
2018,8,-214.21,32.862678450690616,0.5,22.970738477209057,616.2758620689655,1,2018-08-01,-0.27000000000001023
2018,9,-214.32,32.6757644335512,34.8586215932914,21.978666836431543,618.6666666666666,4,2018-09-01,-0.10999999999998522
2018,10,-214.61,28.967663219133808,470.299529493495,18.401758241758248,415.0,10,2018-10-01,-0.29000000000002046
2018,11,-214.65,23.657341581076874,937.4859892558455,13.997796296296295,329.3333333333333,19,2018-11-01,-0.03999999999999204
2018,12,-214.47,18.055149047273233,1450.1299431141601,10.89395061728395,243.40740740740742,20,2018-12-01,0.18000000000000682
2019,2,-212.915,18.442857142857143,405.2423328305681,8.731349206349206,381.42857142857144,5,2019-02-01,1.5550000000000068
2019,3,-212.09,18.70022996853062,1111.2764627128404,9.358230452674897,333.3333333333333,17,2019-03-01,0.8249999999999886
2019,4,-211.295,22.442209040478936,228.30317053769778,11.865485527544351,443.52941176470586,6,2019-04-01,0.7950000000000159
2019,5,-211.185,31.16857936507937,3.0384615384615383,16.307000000000002,664.0,3,2019-05-01,0.10999999999998522
2019,6,-211.26,32.27415049970605,0.3333333333333333,20.718733098177545,694.074074074074,1,2019-06-01,-0.07499999999998863
2019,7,-211.335,33.32893644957983,0.0,21.782663690476195,738.75,0,2019-07-01,-0.07500000000001705
2019,8,-211.555,33.578288359788374,3.5,22.709886243386247,686.6666666666666,1,2019-08-01,-0.21999999999999886
2019,9,-211.72,32.14449579831933,0.0,20.91358190828779,611.9230769230769,0,2019-09-01,-0.16499999999999204
2019,10,-211.815,30.162777777777773,0.0,17.992587301587303,366.0,0,2019-10-01,-0.09499999999999886
2019,11,-211.9,26.448494708994705,140.98528231805543,15.02930423280423,479.6666666666667,6,2019-11-01,-0.08500000000000796
2019,12,-211.82,19.596085858585862,1159.5068966541394,9.881691919191919,345.0,12,2019-12-01,0.0800000000000125
2020,1,-210.3,15.272875816993466,1122.4327994435018,7.851960784313725,252.94117647058823,14,2020-01-01,1.5199999999999818
2020,2,-209.705,17.18712096332786,1015.4895396742693,8.723338806787083,295.17241379310343,21,2020-02-01,0.5949999999999989
2020,3,-209.47,21.878798185941044,364.7919050646323,11.5437641723356,407.14285714285717,7,2020-03-01,0.23500000000001364
2020,6,-209.115,30.49935247747748,0.0,18.641122372372376,753.75,0,2020-06-01,0.35499999999998977
2020,8,-209.525,35.72471042471042,0.0,22.741312741312736,645.7142857142857,0,2020-08-01,-0.4099999999999966
2020,9,-209.69,35.326289926289924,0.5,23.651228501228502,596.8181818181819,1,2020-09-01,-0.16499999999999204
2020,11,-209.955,22.881180323180324,1662.2323982502899,13.726869726869726,386.0,10,2020-11-01,-0.2650000000000148
2021,2,-209.3,19.065972972972975,974.0863194776239,8.636447447447447,459.6,8,2021-02-01,0.6550000000000011
2021,3,-209.195,20.50970515970516,398.8003631625095,10.040909090909093,295.90909090909093,12,2021-03-01,0.10500000000001819
